{"cameraMode":{"drawMode":0,"name":"Shaded","section":"Shading Mode"},"sceneLighting":false,"audioPlay":false,"sceneViewState":{"showFog":true,"showMaterialUpdate":true,"showSkybox":true,"showFlares":true,"showImageEffects":true,"showParticleSystems":true},"in2DMode":false,"pivot":{"x":-1.246120572090149,"y":-0.20908913016319276,"z":0.6418014764785767},"rotation":{"x":0.13295814394950868,"y":0.5587257742881775,"z":-0.09131547808647156,"w":0.8135165572166443},"size":3.96490478515625,"orthographic":true}